ID,Name,Position,Organisation,Linkedin-Link,Webseite,Category,Description
1,Alexander Möller,Geschäftsführer,VDV,https://www.linkedin.com/in/alexander-m%C3%B6ller-486538187/,https://www.vdv.de/,"Governance & Verwaltungen, Politik, öffentliche Unternehmen","Alexander Möller hat als Geschäftsführer des Verbands Deutscher Verkehrsunternehmen ein umfassendes Zukunftsgutachten für den ÖPNV vorgelegt. Es liefert einen klaren Fahrplan für Erhalt und Ausbau des Nahverkehrs bis 2040.

Mut & Pioniergeist: Die klare Benennung der Finanzierungslücken ist ein mutiger Schritt gegenüber Politik und Öffentlichkeit.
Innovationsgrad: Das Gutachten zeigt detailliert, wie moderne ÖPNV-Konzepte finanziert und umgesetzt werden können.
Umsetzungskraft & Wirkung: Möller hat es geschafft, die Branche hinter einer gemeinsamen Strategie zu vereinen.
Relevanz für die Mobilitätswende: Ein leistungsfähiger ÖPNV ist zentral für den Umstieg vom Auto auf klimafreundliche Verkehrsmittel.
Vorbildfunktion & Sichtbarkeit: Möller tritt als klarer, faktenorientierter Fürsprecher für den Nahverkehr auf.
"
2,André Schwämmlein,CEO,FlixBus,https://www.linkedin.com/in/andr%C3%A9-schw%C3%A4mmlein/,https://global.flixbus.com/,Etablierte Unternehmen,"Überblick: André Schwämmlein hat FlixBus (Flix SE) mit gegründet und führt das Unternehmen als CEO. Er verfolgt eine Vision, Fernverkehre nachhaltig, digital und kundenfreundlich weltweit zu gestalten.

Mut & Pioniergeist: Als einer der ersten sah er die Chance in der Deregulierung – und schuf im Wettbewerb einen komplett neuen Mobilitätsanbieter.

Innovationsgrad: Er etablierte ein asset-light System und setzte als erster Anbieter Elektrobusse im Linienverkehr ein – kombiniert mit einer digitalen Plattform.

Umsetzungskraft & Wirkung: Unter seiner Führung wurde Flix zum globalen Mobilitätsunternehmen: Milliardenumsatz, weltweite Expansion, Millionen Fahrgäste.

Relevanz für die Mobilitätswende: Schwämmlein zeigt, wie Sharing-Mobilität in Verbindung mit Technologie die CO₂-Bilanz langfristig verbessert.

Vorbildfunktion & Sichtbarkeit: Er steht für eine neue Generation von Mobilitätsgründern – innovationsstark, sichtbar und wirkungsmächtig."
3,Anjes Tjarks ,Senator Verkehr ,Hansestadt Hamburg,https://www.linkedin.com/in/anjes-tjarks-19356835/,,"Governance & Verwaltungen, Politik, öffentliche Unternehmen","Überblick
Dr. Anjes Tjarks ist seit 2020 Senator für Verkehr und Mobilitätswende in Hamburg. Er verfolgt das Ziel, den Anteil des Umweltverbunds bis 2030 auf 80 % zu steigern, und gilt als einer der Architekten der Hamburger Verkehrswende.

Mut & Pioniergeist
Tjarks traf früh mutige Entscheidungen wie temporäre Autobahnsperrungen zum Lärmschutz oder die Einführung zusätzlicher Tempo-30-Zonen. Er entwickelte einen politisch tragfähigen Plan für eine autoarme Innenstadt und setzte auf Regulierung statt Verbote bei E-Tretrollern.

Innovationsgrad
Unter seiner Leitung plant Hamburg 500 autonome On-Demand-Busse bis 2030, die vollständige Elektrifizierung des Busnetzes und den „Hamburg-Takt“, der innerhalb von 5 Minuten überall Mobilität verspricht. Er setzte auf integrierte Mobilität und beschleunigte den Ausbau der Radinfrastruktur.

Umsetzungskraft & Wirkung
Der HVV verzeichnete Rekordzahlen bei Fahrgästen, der Autoverkehr ging zurück, und Projekte wie neue U-Bahn-Linien und Radwege wurden beschleunigt umgesetzt. Parkgebühren wurden erhöht, und Anwohnerparken wurde ausgeweitet.

Relevanz für die Mobilitätswende
Hamburg dient als Pilotstadt für innovative Konzepte, deren Erkenntnisse deutschlandweit einfließen. Tjarks trägt dazu bei, CO₂-Emissionen im Verkehrssektor zu senken und den ÖPNV als Rückgrat der Verkehrswende zu stärken.

Vorbildfunktion & Sichtbarkeit
Er gilt als pragmatischer Macher, der ideologische Gräben überbrückt. Tjarks ist ein gefragter Sprecher auf Konferenzen und hat sich in kurzer Zeit als Gesicht der Verkehrswende etabliert."
4,Anna-Theresa Korbutt ,Geschäftsführerin,Hamburger Verkehrsverbund (HVV),https://www.linkedin.com/in/anna-theresa-korbutt-84421061/?originalSubdomain=at,https://www.hvv.de/de,"Governance & Verwaltungen, Politik, öffentliche Unternehmen","Mut & Pioniergeist: Korbutt hat sich in einer männlich dominierten Branche an die Spitze des HVV gearbeitet. Sie scheut den Sprung ins Unbekannte, sucht neue Perspektiven und wagt unkonventionelle Ansätze – etwa den Bruch mit traditionellen Marketingmustern, um dem HVV ein modernes Image zu geben.

Innovationsgrad: Sie positioniert den ÖPNV als kundenorientiertes Produkt und treibt digitale Lösungen wie hvv switch oder Check-in/Be-out-Systeme voran. Damit wird Hamburg Vorreiter in der Integration verschiedener Verkehrsmittel.

Umsetzungskraft & Wirkung: Korbutt setzte das Deutschlandticket reibungslos um, vereinfachte Tarife und etablierte neue Angebote wie On-Demand-Shuttles. Die Fahrgastzahlen steigen wieder, und sie wurde 2023 mit dem Bundesfahrgastpreis ausgezeichnet.

Relevanz für die Mobilitätswende: Ihre Strategien – von Flatrate-Tickets bis zur Sharing-Verzahnung – machen den Umstieg vom Auto leichter. Hamburg dient als Reallabor mit Strahlkraft für den gesamten DACH-Raum.

Vorbildfunktion & Sichtbarkeit: Korbutt ist eine gefragte Stimme für ÖPNV-Zukunftsthemen. Als zweifache Mutter in Top-Position zeigt sie, dass Familie und Führung vereinbar sind, und inspiriert mehr Frauen zu technischen Führungsrollen."
5,Björn Bender,CEO,Rail Europe SAS ,https://www.linkedin.com/in/benderbjoern/,https://www.raileurope.com/,Etablierte Unternehmen,"Mut & Pioniergeist: Bender wechselte von großen Staatsbahnen in ein internationales Travel-Tech-Unternehmen und treibt dessen Transformation voran. Er bringt Unternehmergeist aus seiner Zeit bei der SBB ein und gründete u. a. Mobility Allstars, um branchenübergreifende Kooperationen zu fördern.

Innovationsgrad: Unter seiner Leitung wurde Rail Europe zu einer modernen Buchungsplattform, die über 200 Bahnunternehmen weltweit in einer App vereint. Digitale Schnittstellen ermöglichen Reisebüros den einfachen Ticketvertrieb, ergänzt durch KI-gestützte Services und personalisierte Angebote.

Umsetzungskraft & Wirkung: Seit 2022 verdoppelte sich das Buchungsvolumen auf rund 5 Millionen Tickets jährlich. Rail Europe ist heute Partner von über 15.000 Reiseunternehmen in 70 Ländern und erleichtert internationalen Reisenden den Umstieg auf die Bahn.

Relevanz für die Mobilitätswende: Durch die globale Vereinfachung von Zugbuchungen senkt Bender eine zentrale Hürde für nachhaltiges Reisen. Er stärkt die Bahn als klimafreundliche Alternative zu Auto und Flug und fördert die Vernetzung mit anderen Mobilitätsdiensten.

Vorbildfunktion & Sichtbarkeit: Als Brückenbauer zwischen traditioneller Bahnwelt und digitaler Mobilität inspiriert er Unternehmen und Nachwuchs gleichermaßen. Mit starker Präsenz auf Fachkonferenzen und in Netzwerken wirbt er für eine intermodale, nachhaltige Mobilität."
6,Boris Palmer,Bürgermeister,Stadt Tübingen,https://www.linkedin.com/in/boris-palmer-b575a416b/,https://www.tuebingen.de/,"Governance & Verwaltungen, Politik, öffentliche Unternehmen","Boris Palmer treibt seit Jahren eine konsequente Klimaschutz- und Verkehrspolitik in Tübingen voran. Er setzt auf ambitionierte Maßnahmen wie hohe Parkgebühren für große Fahrzeuge und die Förderung erneuerbarer Energien.

Mut & Pioniergeist: Palmer schreckt nicht vor unpopulären, aber wirksamen Maßnahmen zurück.
Innovationsgrad: Mit lokal angepassten Regelungen zeigt Tübingen, wie Städte eigenständig klimafreundliche Mobilität fördern können.
Umsetzungskraft & Wirkung: Viele seiner Maßnahmen sind umgesetzt und prägen das Stadtbild.
Relevanz für die Mobilitätswende: Tübingen ist ein Vorbild für kommunale Verkehrswende im kleineren Maßstab.
Vorbildfunktion & Sichtbarkeit: Palmer ist bundesweit bekannt und streitbarer Fürsprecher ambitionierter Klimapolitik."
7,Catrin von Cisewski,Smart City Expertin,Telekom,https://www.linkedin.com/in/catrinvoncisewski/,https://www.telekom.com,"Start-ups, Scale-ups & Katalysatoren","Überblick: Catrin von Cisewski berät Städte und Kommunen bei der Umsetzung digitaler Mobilitäts- und Smart-City-Lösungen.
Mut & Pioniergeist: Sie treibt die Integration von IoT-Technologien in die städtische Infrastruktur voran – vom Verkehrsmanagement über Umweltmonitoring bis zu intelligenten Lade- und Parksystemen.
Innovationsgrad: Entwickelt Projekte, die Big Data und KI nutzen, um Verkehrsflüsse zu optimieren und emissionsarme Mobilität zu fördern.
Umsetzungskraft & Wirkung: Ihre Arbeit hat in mehreren Städten zu messbaren Verbesserungen bei Verkehrseffizienz und Emissionsreduktion geführt.
Relevanz für die Mobilitätswende: Sie macht Digitalisierung zu einem Motor für nachhaltige Stadtmobilität.
Vorbildfunktion & Sichtbarkeit: Als Expertin in einem Technologiekonzern ist sie gefragte Sprecherin bei Smart-City- und Mobilitätskonferenzen."
8,Christine von Breitenbuch,Direktorin,"IAA Mobility, Messe München",https://www.linkedin.com/in/christinevonbreitenbuch/,https://www.iaa-mobility.com/en,"Governance & Verwaltungen, Politik, öffentliche Unternehmen","Christine von Breitenbuch hat die IAA Mobility in München erfolgreich als Mobilitätsplattform neu positioniert. Unter ihrer Leitung wurde die Messe um Themen wie Fahrrad, Mikromobilität, Digitalisierung und Nachhaltigkeit erweitert und mit einem Open-Space-Konzept in der Innenstadt für die Öffentlichkeit geöffnet.

Mut & Pioniergeist: Der Bruch mit dem klassischen Automesse-Format hin zu einer ganzheitlichen Mobilitätsplattform erforderte Mut und Überzeugungskraft.
Innovationsgrad: Die IAA Mobility vereint Fachmesse, Publikumsfestival und Konferenz – ein Format, das verschiedene Zielgruppen anspricht.
Umsetzungskraft & Wirkung: Der erfolgreiche Neustart brachte internationale Aussteller, große Besucherzahlen und mediale Aufmerksamkeit.
Relevanz für die Mobilitätswende: Die Plattform bringt unterschiedliche Mobilitätslösungen zusammen und schafft öffentliche Sichtbarkeit für Innovationen.
Vorbildfunktion & Sichtbarkeit: Von Breitenbuch zeigt, wie sich tradierte Formate mutig transformieren lassen."
9,Christoph Seyerlein,Redakteur Mobilität,Manager MAGAZIN,https://www.linkedin.com/in/christophseyerlein/,http://www.manager-magazin.de/,"Start-ups, Scale-ups & Katalysatoren","Überblick: Christoph Seyerlein ist erfahrener Mobilitätsjournalist und prägt seit Jahren die öffentliche Debatte über Verkehrspolitik und -technologie.
Mut & Pioniergeist: Er greift auch unbequeme Themen auf, stellt kritische Fragen an Industrie und Politik und gibt alternativen Mobilitätskonzepten Raum.
Innovationsgrad: Nutzt multimediale Formate (Artikel, Podcasts, Videos) zur Wissensvermittlung rund um Mobilitätstrends.
Umsetzungskraft & Wirkung: Seine Beiträge haben Reichweite in Wirtschaft, Politik und Gesellschaft und tragen zu einem informierten Diskurs bei.
Relevanz für die Mobilitätswende: Er sorgt für Transparenz und kritische Auseinandersetzung, was eine demokratische und faktenbasierte Wende unterstützt.
Vorbildfunktion & Sichtbarkeit: Als unabhängige journalistische Stimme hat er hohen Einfluss auf Meinungsbildung im Mobilitätssektor."
10,Christoph Weigler,Managing Director DACH,UBER,https://www.linkedin.com/in/cweigler/,http://www.uber.com/,Etablierte Unternehmen,"Mut & Pioniergeist: Weigler übernahm Uber Deutschland 2015 in einer Phase regulatorischer Hürden und Skepsis. Statt aufzugeben, passte er das Geschäftsmodell an, kooperierte mit lizenzierten Mietwagen- und später auch Taxiunternehmen und suchte den Dialog mit Städten und Fahrern.

Innovationsgrad: Unter seiner Führung startete „Uber Green“ für emissionsarme Fahrten, „Uber Transit“ mit ÖPNV-Integration und neue Kooperationen mit der Taxi-Branche. Technische Neuerungen wie Notfall-Buttons und verifizierte Haltepunkte wurden speziell für den DACH-Markt eingeführt.

Umsetzungskraft & Wirkung: Heute ist Uber in allen großen Städten der Region etabliert. Weigler verhandelte rechtliche Lösungen, baute Fahrer- und Partnernetzwerke aus und pilotierte neue Dienste wie Uber Freight. „Uber Green“ ermöglichte tausende emissionsfreie Fahrten.

Relevanz für die Mobilitätswende: Ride-Hailing als Alternative zum Privat-PKW, verstärkte Elektrifizierung der Flotte und die Verzahnung mit dem ÖPNV tragen unter seiner Leitung direkt zur Reduktion von Emissionen und Verkehrsdichte in Städten bei.

Vorbildfunktion & Sichtbarkeit: Als öffentlich präsenter Gestalter der urbanen Mobilität wirbt Weigler für Kooperation und nachhaltige Innovation. Sein offener, pragmatischer Ansatz macht ihn zu einem Vorbild für Manager in disruptiven Branchen."
11,Dr. Christian Dahlheim,CEO,Volkswagen Financial Services,https://www.linkedin.com/in/dr-christian-dahlheim-026a48a4/,https://www.vwfs.com/,Etablierte Unternehmen,"Überblick: Dr. Christian Dahlheim ist seit Anfang 2022 Vorstandsvorsitzender von Volkswagen Financial Services AG und leitet eines der zentralen Mobilitätsdienstleistungs-Zentren innerhalb des Konzerns. Seine Mission: Nachhaltigkeit, Digitalisierung und Flexibilität in der Mobilität vereinen.

Mut & Pioniergeist: Er hat früh auf Bike-Leasing gesetzt und damit die strategische Erweiterung hin zur multimodalen Mobilitätsplattform eingeleitet.

Innovationsgrad: Unter ihm wurde das Konzept Life Cycle Offers etabliert – eine ganzheitliche Lösung für Mobilität. Gleichzeitig treibt er den Ausbau der E-Auto-Verträge massiv voran.

Umsetzungskraft & Wirkung: Die Geschäftskennzahlen bestätigen den Erfolg: stark gesteigerte Ergebnisse und ein wachsender Fahrzeugvertragspool zeugen von seiner effektiven Umsetzungskraft.

Relevanz für die Mobilitätswende: Dahlheim lenkt einen etablierten Finanzdienstleister in Richtung nachhaltiger Mobilität und zeigt, wie Mobilitätswende im Konzern gelingen kann.

Vorbildfunktion & Sichtbarkeit: Seine Führung zeigt, dass Transformation auch in großen, traditionsreichen Unternehmen möglich ist – durch klare Vision und strategische Weitsicht."
12,Dr. Corsin Sulser,Gründer,Parcandi,https://www.linkedin.com/in/corsin-sulser/,http://www.parcandi.com,"Start-ups, Scale-ups & Katalysatoren","Überblick: Gründer der Parcandi AG; digitale Plattform, die freie Privat‑/Firmenparkplätze in Echtzeit mit Suchenden matcht. Ergebnis: weniger Parksuchverkehr, weniger Stau/CO₂, mehr Lebensqualität.
Mut & Pioniergeist: Verließ mit >40 den sicheren Konzernjob, machte ein internes Projekt zum eigenen Start‑up und löste ein Alltagsproblem neu.
Innovationsgrad: App‑gestützte, IoT‑fähige Teilung bestehender Parkflächen (Reservierung, Zugang, Abrechnung) statt Neubau von Parkhäusern.
Umsetzungskraft & Wirkung: Schnelles Wachstum in Schweizer Städten, erste Standorte in DE; Partnerschaften mit Mobilitätsclubs/Immobilien; lokal messbar weniger Suchverkehr.
Relevanz & Vorbild: Hebelt einen oft übersehenen Faktor der Verkehrswende (Parken); zeigt, wie Ressourcenteilung Infrastruktur entlastet. Vorbild für Intrapreneur‑zu‑Gründer‑Karrieren."
13,Dr. Jan Hegner,"
Co-Founder & SVP Sales",dromos,https://www.linkedin.com/in/dr-jan-hegner-080864110/,http://www.dromos.network/,"Start-ups, Scale-ups & Katalysatoren","Jan Hegner ist Senior Vice President bei Dromos, einem Unternehmen, das autonome Kapselsysteme für den Personentransport entwickelt. Die Fahrzeuge fahren auf reservierten Spuren, sind rund um die Uhr verfügbar und können bestehende Infrastrukturen wie stillgelegte Bahnstrecken reaktivieren.

Mut & Pioniergeist: Der Ansatz, brachliegende Infrastruktur mit neuer Technologie wiederzubeleben, ist ein innovativer Beitrag zur Verkehrswende.
Innovationsgrad: Die Kombination aus autonomem Betrieb, kleinem Fahrzeugformat und flexibler Streckenführung ist neuartig im ÖPNV.
Umsetzungskraft & Wirkung: Erste Projekte zeigen, dass Dromos eine kostengünstige und effiziente Ergänzung zum klassischen Nahverkehr sein kann.
Relevanz für die Mobilitätswende: Dromos bietet Städten die Möglichkeit, das ÖPNV-Angebot ohne massive Bauprojekte zu erweitern.
Vorbildfunktion & Sichtbarkeit: Hegner bringt jahrzehntelange Branchenerfahrung ein und zeigt, wie etablierte Expertise und Startup-Innovation zusammenwirken."
14,Fabian Beste,Co-Founder & CEO,4Screen,https://www.linkedin.com/in/fabian-beste-13758177/,https://4screen.com/,"Start-ups, Scale-ups & Katalysatoren","Mut & Pioniergeist: Fabian Beste gründete mit Mitte 20 4screen und erschloss den bis dahin unbesetzten Markt für In-Car-Marketing. Er verknüpfte die Automobil- und Werbebranche und gewann als Branchenneuling namhafte OEMs – ein klares Zeichen für seinen Pioniergeist.

Innovationsgrad: 4screen ist die weltweit erste Plattform, die Autofahrer in Echtzeit über das Fahrzeugdisplay mit lokalen Angeboten versorgt. Die Integration in Infotainmentsysteme großer Marken, strenger Datenschutz und personalisierte Inhalte setzen neue Maßstäbe für Connected-Car-Dienste.

Umsetzungskraft & Wirkung: Seit 2017 wuchs 4screen auf fast 100 Mitarbeitende, schloss Millionenfinanzierungen ab und ist in mehreren Ländern aktiv. Die Technologie läuft bereits in Fahrzeugen großer Hersteller und bringt Fahrern, lokalen Händlern und OEMs messbaren Mehrwert.

Relevanz für die Mobilitätswende: Die Plattform stärkt die Akzeptanz vernetzter und elektrischer Fahrzeuge, erleichtert das Finden von Ladepunkten und hilft, unnötige Wege zu vermeiden. Sie eröffnet OEMs neue Erlöse, die in nachhaltige Mobilitätslösungen investiert werden können.

Vorbildfunktion & Sichtbarkeit: Beste steht für eine neue Gründer-Generation im Mobilitätssektor. Er tritt international als Sprecher für die Vision vom „Auto als digitale Plattform“ auf und inspiriert Start-ups wie etablierte Unternehmen zu mutigen, nutzerzentrierten Innovationen."
15,Felix Pörnbacher,Co-Founder & Co-CEO,DeepDrive,https://www.linkedin.com/in/felixpoe/,http://deepdrive.tech/,"Start-ups, Scale-ups & Katalysatoren","Felix Pörnbacher ist Co-Gründer und Co-CEO von DeepDrive, einem Münchner High-Tech-Startup, das einen neuartigen Elektromotor entwickelt hat. Der Motor ist leicht, kostengünstig, effizient und kann sowohl zentral als auch als Radnabenmotor verbaut werden. Er bietet mehr Reichweite bei geringeren Produktionskosten und spart Materialien ein. Pörnbacher hat gemeinsam mit seinem Team Investoren aus der Automobilindustrie überzeugt und bereitet die Serienfertigung vor.

Mut & Pioniergeist: Der Markteintritt mit einer disruptiven Technologie in einem von Großkonzernen dominierten Markt erfordert Mut und visionäres Denken.
Innovationsgrad: Die Motorarchitektur von DeepDrive stellt einen signifikanten Fortschritt in Effizienz, Materialeinsatz und Flexibilität dar.
Umsetzungskraft & Wirkung: Bereits vor Serienstart hat DeepDrive Partnerschaften mit führenden OEMs geschlossen – ein Indikator für die Praxistauglichkeit und Marktrelevanz.
Relevanz für die Mobilitätswende: Effizientere, ressourcenschonendere Antriebe sind ein Schlüsselfaktor für die flächendeckende Elektrifizierung.
Vorbildfunktion & Sichtbarkeit: Pörnbacher zeigt, dass auch junge Unternehmen technologische Standards neu setzen können."
16,Franz Reiner,CEO,Mercedes Benz Mobility AG,https://www.linkedin.com/in/franz-reiner/,https://www.mercedes-benz-mobility.com/en/,Etablierte Unternehmen,"Mut & Pioniergeist: Reiner trieb den Wandel von Mercedes-Benz Financial Services zu einem Mobilitätsanbieter voran. Er initiierte die Fusion der Mobilitätsdienste von Daimler und BMW (z. B. Share Now, Free Now) und investierte in Start-ups wie FlixBus – mutige Schritte jenseits des Kerngeschäfts.

Innovationsgrad: Unter seiner Führung entstanden flexible Nutzungskonzepte von „Sekunden bis Jahren“: Auto-Abos, Kurzzeit-Leasing, Carsharing und digitale Finanzprodukte. E-Mobilität wird durch spezielle Leasingangebote und integrierte Ladepakete gefördert.

Umsetzungskraft & Wirkung: Mercedes-Benz Mobility finanziert heute jeden zweiten Mercedes-Benz. Joint Ventures wie Free Now ermöglichen Millionen Fahrten jährlich. Die Beteiligung an FlixMobility unterstützt klimafreundliche Fernmobilität. Digitale Services wie Mercedes pay erschließen neue Geschäftsfelder.

Relevanz für die Mobilitätswende: Reiners Strategie fördert den Übergang vom Besitz zur geteilten Nutzung, steigert die E-Auto-Verbreitung und unterstützt multimodale Angebote. Damit trägt er zur Reduktion von Emissionen und zur besseren Auslastung von Fahrzeugen bei.

Vorbildfunktion & Sichtbarkeit: Er gilt als moderner Gestalter im Automobilsektor, wirbt für Kooperation statt Konkurrenz und fördert Diversität. Als öffentlich sichtbarer Sprecher für integrierte, nachhaltige Mobilität inspiriert er Führungskräfte und Nachwuchs gleichermaßen."
17,Friedrich Dräxlmaier,Chairman of the Administrative Board,DRÄXLMAIER Group ,Kein LinkedIn,https://www.draexlmaier.com/en/,Etablierte Unternehmen,"Überblick: Inhaber der DRÄXLMAIER Group, wandelte den Premium-Zulieferer zu einem Treiber der E-Mobilität und Nachhaltigkeit (Batteriesysteme, Hochvolt-Bordnetze, PV-Ladepark).
Mut & Pioniergeist: Früher Einstieg in Batterietechnologie trotz Branchenfokus auf Verbrenner; fördert interne Innovationskultur.
Innovationsgrad: Entwicklung und Fertigung von Premium-Hochvolt-Batterien, KI-gestützte Produktion, größte PV-Ladeinfrastruktur am Firmensitz.
Umsetzungskraft & Wirkung: Batteriewerk Leipzig in Betrieb, Flotten- und Logistik-Elektrifizierung, jährliche CO₂-Einsparungen von Hunderten Tonnen.
Relevanz/Vorbild: Zulieferer als Schlüsselakteur der Mobilitätswende, Vorbild für ganzheitliche Nachhaltigkeitsstrategien in der Industrie."
18,Günther Schuh,Wissenschaftler I Unternehmer I Innovationen I Produktionsmanagement I Mobilitätslösungen,,https://www.linkedin.com/in/g%C3%BCnther-schuh/,,"Start-ups, Scale-ups & Katalysatoren","Überblick
Prof. Günther Schuh ist Ingenieur, Hochschulprofessor und Seriengründer im Bereich Elektromobilität. Er entwickelte den StreetScooter und später das e.GO Life und gilt als Vordenker für erschwingliche E-Mobilität.

Mut & Pioniergeist
Schuh gründete StreetScooter, als etablierte Hersteller Elektrotransporter noch ablehnten, und führte das Projekt gegen Widerstände zum Erfolg. Mit e.GO wagte er erneut den Bau eines günstigen E-Stadtautos.

Innovationsgrad
Er etablierte agile Entwicklungsprozesse in der Fahrzeugproduktion und setzte auf kostengünstige, zweckoptimierte Fahrzeuge. Zudem initiierte er Projekte wie das Silent Air Taxi.

Umsetzungskraft & Wirkung
15.000 StreetScooter wurden für die Deutsche Post produziert und inspirierten andere Hersteller. e.GO brachte über 1.000 Fahrzeuge auf die Straße und schuf Arbeitsplätze in Aachen.

Relevanz für die Mobilitätswende
Schuh zeigte, dass Elektromobilität auch im günstigen Segment möglich ist, und machte E-Fahrzeuge für breitere Käuferschichten zugänglich.

Vorbildfunktion & Sichtbarkeit
Als Professor und Unternehmer fördert er Gründungen und inspiriert Ingenieure. Seine bodenständige Art und Erfolge machen ihn zu einem glaubwürdigen Vorbild."
19,Horst Graef,Geschäfstführer,deer GmbH,https://www.youtube.com/watch?v=gTYlX-HIdj4&ab_channel=KEA-BW,www.deer-mobility.de,Etablierte Unternehmen,"Überblick: Horst Graef ist Geschäftsführer der deer GmbH, einem innovativen Anbieter für nachhaltige Mobilitätslösungen im ländlichen Raum. Mit Sitz in Baden-Württemberg hat das Unternehmen ein umfangreiches E-Carsharing-Netzwerk aufgebaut, das insbesondere kleinere Städte und Gemeinden mit moderner Elektromobilität versorgt. Unter seiner Leitung entwickelte sich deer zu einem Vorreiter in der Verbindung von kommunaler Infrastruktur, erneuerbaren Energien und digitalem Mobilitätsmanagement.
Mut & Pioniergeist: Graef hat früh das Potenzial erkannt, Carsharing nicht nur auf urbane Zentren zu beschränken, sondern gezielt ländliche Regionen zu erschließen – ein Marktsegment, das von großen Anbietern lange vernachlässigt wurde. Dieses strategische Wagnis erforderte Mut, da die Auslastung und Akzeptanz im ländlichen Raum ungewiss waren. Mit Überzeugungskraft gewann er Gemeinden, Stadtwerke und Energieversorger als Partner und baute ein dezentrales, kommunal verankertes Sharing-Netzwerk auf.
Innovationsgrad: Deer kombiniert E-Carsharing mit einem intelligenten Lademanagement, das regionale Stromerzeugung aus erneuerbaren Quellen einbindet. Die Flotte ist vollelektrisch und wird kontinuierlich über eine nutzerfreundliche App gesteuert. Zudem werden E-Bikes und E-Lastenräder in das Angebot integriert, wodurch multimodale Wegeketten auch außerhalb von Großstädten möglich werden.
Umsetzungskraft & Wirkung: Unter Graefs Führung expandierte deer kontinuierlich und betreibt heute Hunderte Fahrzeuge an Dutzenden Standorten in Süddeutschland. Das Modell hat die Mobilität in strukturschwächeren Regionen spürbar verbessert, CO₂-Emissionen gesenkt und kommunale Verkehrskonzepte modernisiert.
Relevanz für die Mobilitätswende: Graefs Arbeit zeigt, dass die Verkehrswende nicht an der Stadtgrenze haltmachen darf. Deer liefert eine Blaupause, wie nachhaltige Mobilität auch in ländlichen Regionen funktionieren kann – ein entscheidender Faktor für die Erreichung der Klimaziele.
Vorbildfunktion & Sichtbarkeit: Als regional verankerter Unternehmer, der landesweit Strahlkraft entfaltet, steht Graef für praxisnahe, bürgernahe Umsetzung der Mobilitätswende. Seine Projekte werden häufig in regionalen Medien und auf Fachveranstaltungen als Best Practice vorgestellt."
20,Johannes Pallasch,Leiter Nationale Leitstelle Ladeinfrastruktur (Sprecher),NOW – Nationale Leitstelle Ladeinfrastruktur,https://www.linkedin.com/in/johannes-pallasch-13475b64/,http://nationale-leitstelle.de/,"Governance & Verwaltungen, Politik, öffentliche Unternehmen","Johannes Pallasch leitet die Nationale Leitstelle Ladeinfrastruktur und koordiniert den bundesweiten Ausbau von Ladepunkten für Elektrofahrzeuge.

Mut & Pioniergeist: Pallasch treibt den Aufbau einer neuen, flächendeckenden Infrastruktur von Grund auf voran.
Innovationsgrad: Digitale Tools und strategische Programme machen das Laden einfacher und zuverlässiger.
Umsetzungskraft & Wirkung: Die Zahl der Ladepunkte steigt deutlich, Projekte wie das Deutschlandnetz sind auf Kurs.
Relevanz für die Mobilitätswende: Ladeinfrastruktur ist ein zentraler Baustein für den Hochlauf der Elektromobilität.
Vorbildfunktion & Sichtbarkeit: Pallasch ist das öffentliche Gesicht der Ladeoffensive und setzt Impulse für den Markt."
21,Judith Häberli,Chief Growth Officer & Co‑Founder,Urban Connect,https://www.linkedin.com/in/judith-h%C3%A4berli/,https://urban-connect.com/,"Start-ups, Scale-ups & Katalysatoren","Mut & Pioniergeist: 
Die Gründung von Urban Connect zeugt von unternehmerischem Mut. Bemerkenswert ist ein Wendepunkt zu Beginn: Eigentlich wollten Häberli und ihr Mitgründer ein Café eröffnen – doch ein zufälliger Umstand (die Übernahme eines ehemaligen Velogeschäfts) lenkte sie in Richtung Mobilität. Diese flexible, mutige Neuausrichtung zeigt ihren Pioniergeist. Auch ihr persönlicher Werdegang – von einer ersten Karriere in der Schauspielerei hin zur Mobilitätsexpertin – unterstreicht ihren unkonventionellen, visionären Antrieb.
Innovationsgrad: 
Urban Connect revolutioniert die Firmenmobilität durch multimodale Angebote und digitale Integration. Mit neuartigen Bausteinen wie Mobilitätsbudgets und digitalem Parkraummanagement schafft Häberli Lösungen, die zuvor in dieser Form nicht verfügbar waren.
Umsetzungskraft & Wirkung: 
Häberli hat aus einer Startup-Idee ein wachstumsstarkes Unternehmen aufgebaut, das greifbare Ergebnisse liefert. Ihr Plattformmodell wird bereits von Dutzenden Firmen eingesetzt und erzielt unmittelbare Wirkung – z. B. weniger Firmenwagen und damit weniger Verkehrsbelastung und Emissionen. Die schnelle Skalierung und Auszeichnungen wie der EY Award belegen ihre Fähigkeit, Visionen in die Praxis umzusetzen.
Relevanz für die Mobilitätswende: 
Betriebliche Mobilität ist ein Schlüsselfaktor der Verkehrswende. Häberlis Ansatz, Mitarbeitenden attraktive Alternativen zum eigenen Auto zu bieten, leistet einen wichtigen Beitrag zur Dekarbonisierung des Verkehrs im DACH-Raum. Indem Unternehmen als Treiber der Veränderung auftreten, können ihre Lösungen im großen Maßstab zur CO₂-Reduktion beitragen.
Vorbildfunktion & Sichtbarkeit: 
Als junge weibliche Führungskraft in der Tech-Mobilitätsbranche ist Häberli eine inspirierende Role Model. Sie wird für ihre Risikobereitschaft und Innovationsfreude öffentlich gewürdigt und teilt ihr Wissen in Netzwerken und Gremien. Durch ihre Präsenz – etwa als Gewinnerin eines renommierten Unternehmerpreises – macht sie die Chancen der Mobilitätswende einem breiten Publikum sichtbar und motiviert andere, ähnliche Wege zu gehen."
22,Karel Dijkman,Gründer und Inhaber,Cargobee,https://www.linkedin.com/in/karel-dijkman-234303166/,www.cargobee.com,"Start-ups, Scale-ups & Katalysatoren","Überblick: Gründer & CEO von CargoBee (NL), neu interpretierter elektrischer Bakbrommer für städtische Lieferungen – emissionsfrei, kompakt, robust.
Mut & Pioniergeist: Entwickelte elektrisches Kleinfahrzeug lange vor Markttrend, investierte persönliche Mittel und Jahre Entwicklungszeit.
Innovationsgrad: Kombination klassischer Dreirad-Transportform mit E-Antrieb, modularen Aufbauten und Sicherheitsdesign.
Umsetzungskraft & Wirkung: Lokale Betriebe und Kommunen setzen CargoBee ein, ersetzt Lieferwagen in verkehrsberuhigten Zonen.
Relevanz/Vorbild: Praktische Lösung zur Reduzierung städtischer Emissionen, Vorbild für bodenständige, wirkungsvolle Innovation."
23,Katharina Kreutzer,CEO and Co-Founder,MOVN,https://www.linkedin.com/in/katharina-kreutzer/,https://www.muvn.de/,"Start-ups, Scale-ups & Katalysatoren","Katharina Kreutzer hat nach ihrem Erfolg mit einem Mehrweg-Versandverpackungs-Startup das Unternehmen Muvn mitgegründet. Mit Muvn will sie Leerfahrten im Straßenverkehr reduzieren, indem freie Ladeflächen in Privatfahrzeugen effizient genutzt werden. Die Plattform funktioniert wie eine Mitfahrzentrale – jedoch für Gegenstände. Fahrerinnen und Fahrer können geplante Fahrten einstellen und für andere deren Gegenstände transportieren, während Versender kostengünstig und nachhaltig verschicken können. Kreutzer treibt mit Muvn die Vision voran, ungenutzte Fahrzeugkapazitäten nutzbar zu machen und dadurch Verkehr sowie CO₂-Emissionen zu reduzieren. Ende 2024 soll die benutzerfreundliche App live gehen, inklusive sicherer Zahlungsabwicklung, Tracking und Verifizierung aller Nutzer und Fahrzeuge – ein innovativer Beitrag zur Sharing Economy im Transportsektor.

Mut & Pioniergeist: Kreutzer wagt sich mit Muvn in einen Marktbereich, der bislang kaum strukturiert erschlossen wurde, und zeigt unternehmerische Kreativität bei der Verknüpfung von Sharing Economy und Gütertransport.
Innovationsgrad: Muvn digitalisiert und strukturiert den spontanen Gütertransport zwischen Privatpersonen – ein bisher wenig genutztes Potenzial in der Mobilitätsbranche.
Umsetzungskraft & Wirkung: Mit klarer Roadmap und bereits funktionierendem Pilotansatz schafft Muvn die Basis für einen europaweiten Rollout.
Relevanz für die Mobilitätswende: Weniger Leerfahrten bedeuten weniger Emissionen, eine effizientere Nutzung bestehender Fahrzeuge und damit eine nachhaltigere Verkehrsinfrastruktur.
Vorbildfunktion & Sichtbarkeit: Kreutzer zeigt als Gründerin, wie man Nachhaltigkeit und Wirtschaftlichkeit im Transportsektor vereint und inspiriert damit andere, neue Nischen zu erschließen."
24,Kevin Löffelbein,Gründer & Geschäftsführer,nowaclean,https://www.linkedin.com/in/kevin-loeffelbein-174283145/,https://nowaclean.com/,"Start-ups, Scale-ups & Katalysatoren","Mut & Pioniergeist: Gründete mit nowaclean einen marktunüblichen, wasserlosen Reinigungsservice und überzeugte trotz anfänglicher Skepsis Flottenbetreiber und Großkunden.
Innovationsgrad: Eigenes Trockenreinigungsverfahren, mobile Teams (oft E‑Vans) und eine digitale Plattform mit Flotten‑Dashboard – Reinigung als skalierbarer CleanTech‑Service.
Umsetzungskraft & Wirkung: Rasche Expansion in mehrere Städte, tausende Reinigungen, nachweisliche Einsparungen von Wasser, CO₂ und Fahrkilometern; hoher Kundennutzen durch Vor‑Ort‑Service.
Relevanz für die Mobilitätswende: Senkt indirekte Emissionen in Betrieb & Pflege von Fahrzeugen, erhöht Effizienz von Sharing‑ und Unternehmensflotten und macht nachhaltige Mobilität ganzheitlicher.
Vorbildfunktion & Sichtbarkeit: Beispielhafter Gründer, der ein „Nebenthema“ der Mobilität mit Pragmatismus und Zweckorientierung skaliert; aktiver Impulsgeber in Fachforen."
25,Klaus Zellmer,CEO,Skoda,https://www.linkedin.com/in/klaus-zellmer-441b5b1b8/,https://www.skoda-auto.com/,Etablierte Unternehmen,"Überblick
Klaus Zellmer ist seit 2022 CEO von Škoda Auto und steuert die Marke erfolgreich durch die Transformation zur Elektromobilität. Unter seiner Führung erzielte Škoda 2023 Rekordgewinne und hohe Absatzwerte.

Mut & Pioniergeist
Er setzte trotz Krisen konsequent auf Elektroantriebe, führte ein neues Markenlogo ein und entschied, günstige E-Modelle im Sortiment zu behalten.

Innovationsgrad
Zellmer brachte neue E-Modelle wie den Elroq und plante mehrere weitere, setzte auf Recyclingmaterialien und digitale Dienste. Er erweiterte Škodas Marktpräsenz international.

Umsetzungskraft & Wirkung
Škoda erreichte unter seiner Leitung Bestwerte bei Rendite und Absatz. Der Elroq wurde zum meistverkauften E-Auto Europas kurz nach Markteinführung.

Relevanz für die Mobilitätswende
Zellmer fokussiert auf erschwingliche E-Mobilität, was für eine breite Marktumstellung entscheidend ist, und engagiert sich für bessere politische Rahmenbedingungen.

Vorbildfunktion & Sichtbarkeit
Er gilt als nahbarer, entscheidungsfreudiger Manager mit hoher Medienpräsenz und wird als Beispiel für erfolgreiche Transformation gesehen."
26,Léa Miggiano,Co-Founder & CMO,carvolution,https://www.linkedin.com/in/l%C3%A9a-miggiano/,https://www.carvolution.com/fr/magazine/jeune-entrepreneur-de-la-annee,"Start-ups, Scale-ups & Katalysatoren","Überblick: Mitgründerin & CMO; macht Auto‑Abo in der Schweiz massentauglich (Fixpreis inkl. Versicherung/Service) und senkt Einstiegshürden für E‑Autos.
Mut & Pioniergeist: Gründete jung in einer traditionellen, männlich geprägten Branche – und stellte Besitzlogik („ein Mensch, ein Auto“) in Frage.
Innovationsgrad: „Mobilität wie Streaming“: wenigen Klicks zum Auto, kurze Laufzeiten, transparente Kosten; treibt BEV/Hybrid‑Anteil über Abo‑Erlebnis.
Umsetzungskraft & Wirkung: Marktführerin CH, Finanzierungsrunden, Tausende Abos, Ausweitung auf KMU‑Flotten; hohe Kundenzufriedenheit/Markenbekanntheit.
Relevanz & Vorbild: Höhere Fahrzeugauslastung statt Mehrbesitz, schnellerer BEV‑Einstieg – praktischer Beitrag zum Modal‑ und Mindset‑Shift. Sichtbares Role Model (Forbes 30u30, Awards)."
27,Lukas Stranger,CEO,NXRT,https://www.linkedin.com/in/lukasstranger/,http://www.nxrt.io/,"Start-ups, Scale-ups & Katalysatoren","Lukas Stranger ist Mitgründer und CEO des Wiener Start-ups NXRT, das einen neuartigen Mixed-Reality-Fahrsimulator entwickelt hat. Im Gegensatz zu herkömmlichen Simulatoren nutzt NXRT echte Fahrzeuge und projiziert virtuelle Szenarien in die Windschutzscheibe, kombiniert mit immersiven VR-Elementen. Diese Lösung ermöglicht realitätsnahe Fahrertrainings und virtuelle Testfahrten, sogar für Extremsituationen, unter sicheren Bedingungen. NXRT konnte namhafte Kunden aus der Automobil- und Bahnbranche gewinnen und verfolgt das Ziel, weltweit führend bei immersiven Simulationslösungen zu werden.

Mut & Pioniergeist: Stranger hat früh erkannt, dass Mixed Reality eine völlig neue Dimension für Vertrieb, Training und Entwicklung in der Mobilität eröffnen kann, und den Schritt in einen komplexen B2B-Markt gewagt.
Innovationsgrad: Die Kombination von realem Fahrzeug und virtueller Umgebung schafft einzigartige Anwendungsfelder, die Kosten und Zeit für Trainings- und Entwicklungsprozesse erheblich reduzieren.
Umsetzungskraft & Wirkung: Innerhalb weniger Jahre hat NXRT internationale Großkunden gewonnen und das Team stark ausgebaut – ein Beweis für Marktakzeptanz und Umsetzungskraft.
Relevanz für die Mobilitätswende: Die Technologie beschleunigt die Einführung neuer Mobilitätslösungen, indem sie Tests und Schulungen ressourcenschonend und ortsunabhängig ermöglicht.
Vorbildfunktion & Sichtbarkeit: Stranger demonstriert, wie aus einer innovativen Idee ein exportfähiges Technologieprodukt entsteht, das global Beachtung findet."
28,Manuel Herzog,Managing Director & Country Manager Schweiz,TIER-Dott,https://www.linkedin.com/in/manuelherzog/,http://www.ridedott.com/,"Start-ups, Scale-ups & Katalysatoren","Überblick: Manuel Herzog verantwortet die Schweizer Aktivitäten von TIER-Dott, einem führenden Mikromobilitätsanbieter in Europa.
Mut & Pioniergeist: Er setzt sich dafür ein, dass Sharing-Angebote in Städten wie Zürich und Basel nachhaltig integriert werden, statt als Störfaktor zu wirken.
Innovationsgrad: Treibt Projekte zu fest installierten Abstellzonen, Batteriewechselstationen und multimodaler App-Integration voran.
Umsetzungskraft & Wirkung: Unter seiner Leitung expandierte TIER-Dott in der Schweiz erfolgreich und gewann langfristige Betriebslizenzen.
Relevanz für die Mobilitätswende: Fördert emissionsfreie Kurzstreckenmobilität und reduziert so innerstädtischen Autoverkehr.
Vorbildfunktion & Sichtbarkeit: Herzog gilt als pragmatischer Gestalter und ist in der Branche für seine kooperative Zusammenarbeit mit Städten bekannt."
29,Marc Schindler,CEO,Ottobahn,https://www.linkedin.com/in/marc-schindler-84378485/,https://ottobahn.global/,"Start-ups, Scale-ups & Katalysatoren","Mut & Pioniergeist: Verließ die klassische Auto‑/Beraterwelt, um ein neuartiges, schwebendes On‑Demand‑Transit­system zu bauen – trotz großer technischer und regulatorischer Hürden.
Innovationsgrad: Autonome Einzelkabinen auf Hochtrasse, KI‑Leitsystem, energiepositive Infrastruktur – ein „individualisierter ÖPNV“ zwischen Bahn, Seilbahn und Auto.
Umsetzungskraft & Wirkung: Finanzierung gesichert, Teststrecke im Aufbau, Prototypen fertig; starkes Städte‑ und Partnerinteresse, erste Studien und Kooperationen angelaufen.
Relevanz für die Mobilitätswende: Emissionsfrei, flächensparend und leise; entlastet Straßenraum, verbindet Stadt & Umland direkt und kann viele Pkw‑Fahrten ersetzen.
Vorbildfunktion & Sichtbarkeit: Sichtbarer Vordenker kühner Stadtverkehrslösungen; bringt Behörden, Industrie und Öffentlichkeit in den Dialog und macht große Visionen greifbar."
30,Matthias Ballweg,Co-Gründer & CEO,"Circular Republic, TU München",https://www.linkedin.com/in/matthias-ballweg/,https://www.unternehmertum.de/,"Governance & Verwaltungen, Politik, öffentliche Unternehmen","Matthias Ballweg ist Co-Gründer von Circular Republic und ehrenamtlicher Initiator des Münchner Bergbus. Mit Circular Republic baut er ein Netzwerk für Kreislaufwirtschaft-Innovationen auf, während der Bergbus klimafreundliche Freizeitmobilität ermöglicht.

Mut & Pioniergeist: Ballweg bringt Unternehmergeist und ehrenamtliches Engagement zusammen, um Mobilität neu zu denken.
Innovationsgrad: Der Bergbus schließt eine Lücke im Freizeitverkehr, Circular Republic vernetzt Akteure der Circular Economy.
Umsetzungskraft & Wirkung: Beide Projekte sind erfolgreich etabliert und erzielen messbare Effekte.
Relevanz für die Mobilitätswende: Freizeit- und Alltagsmobilität werden gleichermaßen adressiert.
Vorbildfunktion & Sichtbarkeit: Ballweg zeigt, wie man privat und beruflich für nachhaltige Mobilität wirken kann."
31,Michael Klasa ,Head of Mobility @ Swisscom | Passion for (Corporate) Mobility | Smart Mobility Management @ HSG,Swisscom,https://www.linkedin.com/in/klasa/,www.swisscom.ch,Etablierte Unternehmen,"Überblick: Head of Mobility bei Swisscom, treibt die vollständige Elektrifizierung der Unternehmensflotte voran. Entwickelte zuvor Infrastrukturprojekte bei Cablex.
Mut & Pioniergeist: Setzte auf E-Flotte, als diese noch als Risiko galt, und überzeugte interne Stakeholder. Führte Pilotprojekte mit neuen Lade- und Telematiksystemen durch.
Innovationsgrad: Implementierte integrierte Ladeinfrastruktur mit automatisierter Abrechnung, kombinierte E-Fahrzeuge mit datenbasiertem Flottenmanagement.
Umsetzungskraft & Wirkung: Reduzierte CO₂-Ausstoß der Flotte deutlich, installierte Ladepunkte, schulte Nutzer. Swisscom gilt als Best-Practice-Beispiel in der Schweiz.
Relevanz/Vorbild: Firmenflotten als Hebel der Mobilitätswende genutzt, sichtbar als Experte auf Fachforen, Vorbild für Unternehmensmobilität."
32,Nic Knapp,Managing Director,TUM Venture Labs,https://www.linkedin.com/in/nicknapp/,https://www.tum-venture-labs.de/,"Governance & Verwaltungen, Politik, öffentliche Unternehmen","Überblick: Managing Director des TUM Venture Labs Mobility, fördert Start-ups von autonomen Shuttles bis E-Fluggeräten. Verbindet Industrieerfahrung mit Hochschulinnovation.
Mut & Pioniergeist: Wechsel aus Konzern in die Startup-Förderung, ermutigt Gründer zu ambitionierten, risikoreichen Projekten.
Innovationsgrad: Unterstützt disruptive Technologien wie KI im Fahrzeug, neue Batteriesysteme und softwaredefinierte Fahrzeuge; enge Anbindung an TUM-Spitzenforschung.
Umsetzungskraft & Wirkung: Zahlreiche Start-ups finden Investoren oder gehen mit marktreifen Lösungen an den Start; Venture Lab als europäisches Best-Practice-Modell.
Relevanz/Vorbild: Beschleunigt Transfer klimafreundlicher Innovationen, Vorbild für kooperative Startup-Förderung, präsent in Jury- und Netzwerkformaten."
33,Olga Nevska,CEO,Telekom,https://www.linkedin.com/in/olganevska-transformation-digitalization-stratetgy-leadership-innovation-ceo-managingdirector/,https://www.telekom-mobilitysolutions.de/,Etablierte Unternehmen,"Überblick
Olga Nevska ist Geschäftsführerin von Telekom MobilitySolutions und treibt die Mobilitätswende im Unternehmensbereich voran. Sie verantwortet Deutschlands zweitgrößte Firmenflotte und wandelt sie zu einem vielseitigen Mobilitätsanbieter.

Mut & Pioniergeist
Sie stellte die Car Policy konsequent auf Elektrofahrzeuge um und schaffte attraktive Alternativen zum Dienstwagen. Ihr kulturelles Engagement, etwa für Frauenförderung, unterstreicht ihren Mut.

Innovationsgrad
Unter ihrer Leitung entstand die App „goodride“, die Mobilitätsdienste bündelt. Sie etablierte Carsharing, Shuttle-Services und Dienstrad-Leasing im Konzern.

Umsetzungskraft & Wirkung
Ein großer Teil der Flotte ist inzwischen elektrisch, die Nutzung von ÖPNV- und Fahrradangeboten stieg deutlich. Die CO₂-Bilanz des Unternehmens verbessert sich nachhaltig.

Relevanz für die Mobilitätswende
Nevska zeigt, wie Unternehmen entscheidend zur Verkehrswende beitragen können. Ihr Modell ist übertragbar und bietet Potenzial für breite Umsetzung.

Vorbildfunktion & Sichtbarkeit
Als Top-Managerin mit Migrationshintergrund und Förderin von Diversität ist sie eine inspirierende Führungsfigur. Sie tritt regelmäßig als Expertin in Fachkreisen auf und motiviert andere, nachhaltige Mobilität umzusetzen."
34,Oliver Blume,CEO,Volkswagen,Kein LinkedIn,https://www.volkswagen-group.com/en/executive-bodies-15790#,Etablierte Unternehmen,"Überblick: Vorstandsvorsitzender von VW; treibt Konzern‑Transformation zu elektrischer, digitaler Mobilität (Fahrzeuge, Software, Batterien, Lade‑Ökosystem).
Mut & Pioniergeist: Klare Festlegung auf BEV‑Pfad, Kurskorrekturen wie Trinity‑Neuaufstellung; pragmatischer, entschlossener Führungsstil.
Innovationsgrad: Breite E‑Modellpalette (vom ID.3 bis Taycan), Software‑defined Vehicle, Zellfabriken/Recycling, neue Dienste (Carsharing/Abo, Laden).
Umsetzungskraft & Wirkung: Hunderttausende BEV/Jahr, ID. Buzz‑Launch, Cariad‑Reform, Finanzierungskraft durch Porsche‑IPO; Effizienzprogramme fokussieren Investitionen.
Relevanz & Vorbild: Entscheidungen haben globale Hebelwirkung entlang der Lieferkette; verbindet Industrie und Politik – Orientierungspunkt der Mobilitätswende."
35,Oliver May-Beckmann,Managing Director MCube @ TUM - Munich Cluster for the Future of Mobility | Nachhaltige Mobilitätsinnovationen,MCUBE,https://www.linkedin.com/in/olivermaybeckmann/,https://www.mcube-cluster.de/en/,"Governance & Verwaltungen, Politik, öffentliche Unternehmen","Überblick: Geschäftsführer des Zukunftsclusters MCube in München, koordiniert über 50 Partner aus Forschung, Wirtschaft und Verwaltung für urbane Mobilitätsinnovationen.
Mut & Pioniergeist: Setzt auf Reallabore statt Theorie, probiert unkonventionelle Lösungen aus, etabliert Kultur des „Trial and Error“.
Innovationsgrad: Fördert systemübergreifende Projekte – von Stadtgestaltung bis neuen Bewertungsmethoden für Verkehrsinvestitionen – mit interdisziplinärer Forschung.
Umsetzungskraft & Wirkung: Startete zahlreiche Pilotprojekte, deren Ergebnisse in städtische Planungen einfließen; München wird als Labor der Mobilitätswende wahrgenommen.
Relevanz/Vorbild: Modellcharakter für andere Städte, Brückenbauer zwischen Wissenschaft und Praxis, sichtbarer Botschafter für urbane Verkehrswende."
36,Oliver Zipse,CEO,BMW,Kein LinkedIn,https://www.bmwgroup.com/de/unternehmen/unternehmensfuehrung.html,Etablierte Unternehmen,"Überblick: Oliver Zipse führt BMW seit 2019 und verantwortet den strategischen Wandel des Unternehmens zu einer technologieoffenen, nachhaltigen Premiummarke.
Mut & Pioniergeist: Zipse verfolgt eine technologieoffene Strategie, die neben vollelektrischen Modellen auch Wasserstoff- und effiziente Verbrenner berücksichtigt – ein Weg, der in einer von reiner E-Mobilität geprägten Debatte kontrovers ist.
Innovationsgrad: Unter seiner Führung brachte BMW neue Elektro-Modelle wie den iX, i4 und i7 auf den Markt und entwickelte die flexible ""Neue Klasse""-Plattform, die ab 2025 alle Antriebsarten bedienen kann.
Umsetzungskraft & Wirkung: BMW steigerte trotz globaler Krisen Absatz und Gewinn und erreichte hohe E-Auto-Zuwachsraten.
Relevanz für die Mobilitätswende: Zipse gestaltet den Transformationskurs einer der weltweit größten Automobilmarken mit und prägt damit den globalen Fahrzeugmarkt.
Vorbildfunktion & Sichtbarkeit: Er ist in der internationalen Automobilpolitik präsent und tritt regelmäßig als Redner zu Zukunftsthemen der Mobilität auf."
37,Prof. Dr. Uwe Schneidewind ,Oberbürgermeister,Stadt Wuppertal,https://www.linkedin.com/in/uwe-schneidewind-86b86520/,https://www.wuppertal.de/microsite/Oberbuergermeister/zuperson/uwe-schneidewind.php,"Governance & Verwaltungen, Politik, öffentliche Unternehmen","Mut & Pioniergeist: Als Quereinsteiger aus der Wissenschaft übernahm Schneidewind das Amt des Wuppertaler Oberbürgermeisters, um seine Vision einer nachhaltigen Stadt umzusetzen. Ohne sichere Ratsmehrheit trieb er mutig auch kontroverse Projekte voran, wie die Autofreiheit an sensiblen Orten.

Innovationsgrad: Er bricht mit klassischen Verwaltungsmustern und setzt auf agile Pilotprojekte statt langer Masterpläne. Diese kleinen Maßnahmen mit Signalwirkung sind in der Kommunalpolitik selten und dienen anderen Städten als Vorbild.

Umsetzungskraft & Wirkung: Trotz Widerständen realisierte er blockierte Projekte, u. a. die dauerhafte Umwandlung von Teilen der Friedrich-Ebert-Straße in eine Fußgängerzone. Solche sichtbaren Erfolge erhöhen die Akzeptanz und stoßen Folgeprojekte an.

Relevanz für die Mobilitätswende: Seine Verkehrsberuhigungen und Radverkehrsförderung verbessern die urbane Mobilität und leisten Klimaschutzbeiträge. Das Konzept „25 für 25“ zeigt, wie große Transformationen in machbare Schritte zerlegt werden können.

Vorbildfunktion & Sichtbarkeit: Schneidewind verbindet wissenschaftliche Expertise mit praktischer Politik. Seine Bürgernähe, sein gelebter Nachhaltigkeitsstil und seine öffentliche Präsenz machen ihn zu einem Vorbild für moderne Stadtführung."
38,Rönke von der Heide,CÖÖ Chief Öperation Öfficer,Zukunft Nahverkehr,https://www.linkedin.com/in/r%C3%B6nke-von-der-heide-a8066133/,https://www.zukunftnahverkehr.de/,"Governance & Verwaltungen, Politik, öffentliche Unternehmen","Rönke von der Heide ist Mitinitiator der Brancheninitiative „Zukunft Nahverkehr“, die den ÖPNV stärker ins öffentliche Bewusstsein rücken will.

Mut & Pioniergeist: Er setzt auf kreative, partizipative Formate, um neue Zielgruppen für den ÖPNV zu begeistern.
Innovationsgrad: Die Initiative verbindet Kommunikation, Vernetzung und strategische Impulse für den Nahverkehr.
Umsetzungskraft & Wirkung: Zahlreiche Veranstaltungen und Projekte zeigen die Tragfähigkeit der Idee.
Relevanz für die Mobilitätswende: Eine starke Nahverkehrsmarke ist essenziell für den Umstieg vom Auto.
Vorbildfunktion & Sichtbarkeit: Von der Heide inspiriert als kreativer Netzwerker und Brückenbauer zwischen Akteuren."
39,Roy Uhlmann,CEO,Motor Ai,https://www.linkedin.com/in/royuhlmann/,https://www.motor-ai.com/,"Start-ups, Scale-ups & Katalysatoren","Überblick: Mitgründer & CEO von Motor Ai (Berlin), entwickelt zertifizierbare Level-4-Autopilotsysteme mit erklärbarer KI-Architektur für autonomes Fahren.
Mut & Pioniergeist: Tritt gegen Tech-Giganten an, setzt auf neurowissenschaftlich inspirierte, transparente KI statt rein datengetriebenen Ansätzen.
Innovationsgrad: Active-Inference-Architektur ermöglicht verlässliche Entscheidungen in neuen Szenarien, zertifizierbar nach EU-Standards.
Umsetzungskraft & Wirkung: Betriebsgenehmigung für Testbetrieb in deutschen Städten, erste Serienreife in Sicht, stärkt europäischen Technologiestandort.
Relevanz/Vorbild: Fördert sichere, akzeptierte autonome Mobilität, stärkt technologische Souveränität, Vorbild für mutige Deep-Tech-Gründer."
40,Sarah Fleischer,Co-Founder and CEO,ToZero,https://www.linkedin.com/in/sarahfleischer/,https://www.tozero.solutions/,"Start-ups, Scale-ups & Katalysatoren","Sarah Fleischer ist Mitgründerin und CEO von ToZero, einem Startup für das Recycling von Lithium-Ionen-Batterien. Das Unternehmen hat ein Verfahren entwickelt, um kritische Rohstoffe vollständig zurückzugewinnen und in den Produktionskreislauf zurückzuführen. Die erste Pilotanlage produziert bereits recyceltes Lithium für europäische Kunden, mit deutlich geringerem CO₂-Ausstoß als konventionelle Gewinnung.

Mut & Pioniergeist: Fleischer geht mit einem tieftechnologischen Startup in einen stark regulierten und kapitalintensiven Bereich – ein klares Zeichen für Risikobereitschaft.
Innovationsgrad: Das Verfahren ermöglicht eine nahezu vollständige Rückgewinnung wichtiger Batterierohstoffe und reduziert den CO₂-Fußabdruck erheblich.
Umsetzungskraft & Wirkung: Mit funktionierender Pilotanlage, ersten Kundenlieferungen und erfolgreicher Finanzierung zeigt ToZero, dass Kreislaufwirtschaft in großem Maßstab umsetzbar ist.
Relevanz für die Mobilitätswende: Nachhaltige Batterien sind essenziell für die Dekarbonisierung des Verkehrs.
Vorbildfunktion & Sichtbarkeit: Fleischer inspiriert als Gründerin im Cleantech-Bereich und als Treiberin einer wichtigen Schlüsseltechnologie."
41,Sascha Meyer ,CEO,MOIA ,https://www.linkedin.com/in/sasmeyer/,https://www.moia.io/en/,Etablierte Unternehmen,"Überblick
Sascha Meyer ist CEO von MOIA, einem vollelektrischen Ridepooling-Dienst in Hamburg und Hannover. Er war maßgeblich am Aufbau der digitalen Plattform und der Flotte beteiligt und führt das Unternehmen nun in Richtung autonomes Fahren.

Mut & Pioniergeist
Er setzte früh auf Elektroantrieb, als dies noch riskant war, und entwickelte eigene Softwarelösungen, statt auf externe Anbieter zu setzen. Die Expansion nach Hamburg war ein mutiger Schritt, der sich auszahlte.

Innovationsgrad
MOIA bietet eine vollständig integrierte Ridepooling-Plattform mit Spezialfahrzeugen, die barrierearm und emissionsfrei sind. Das Public-Private-Partnership-Modell mit der Stadt Hamburg gilt als innovativ und vorbildlich.

Umsetzungskraft & Wirkung
MOIA beförderte über sechs Millionen Fahrgäste und ist fester Bestandteil des Hamburger Verkehrsangebots. Es hat den motorisierten Individualverkehr reduziert und die Kundenzufriedenheit gesteigert.

Relevanz für die Mobilitätswende
MOIA schließt Lücken im ÖPNV und bietet eine umweltfreundliche Alternative zum Privat-PKW. Es ist zudem Vorreiter im autonomen Ridepooling.

Vorbildfunktion & Sichtbarkeit
Meyer wird als moderner Manager gesehen, der Start-up-Mentalität mit Konzernstrukturen verbindet. Er ist präsent auf Konferenzen und ein Vorbild für innovative Führung."
42,Sebastian Tanzer,CEO & Co-Founder,Triply,https://www.linkedin.com/in/sebastiantanzer/,http://triply.net/,"Start-ups, Scale-ups & Katalysatoren","Mut & Pioniergeist: Gründete mit 19 ein B2B‑SaaS‑Start‑up für betriebliche Mobilität und setzte früh auf Data‑Science‑Ansätze in einem analog geprägten Feld.
Innovationsgrad: Plattform zur Analyse von Pendel‑ und Dienstreisemustern; Simulationen, CO₂‑Bilanzierung und Handlungsempfehlungen für Firmen und Kommunen.
Umsetzungskraft & Wirkung: Einsatz bei vielen Organisationen in mehreren Ländern; messbare Einsparpotenziale und umgesetzte Maßnahmen wie Werksbusse, Car‑/Bike‑Programme.
Relevanz für die Mobilitätswende: Macht „versteckte“ Pendel‑Emissionen sichtbar und planbar; liefert Datengrundlage für weniger Autoverkehr und bessere ÖV‑/Sharing‑Angebote – auch im ländlichen Raum.
Vorbildfunktion & Sichtbarkeit: Repräsentiert eine junge, wirkungsorientierte Gründer­generation; gefragter Sprecher an der Schnittstelle von Digitalisierung und Nachhaltigkeit."
43,Stephan Obwegeser,Leiter e-Mikromobilität,Touring Club Schweiz (TCS),https://www.linkedin.com/in/obwegeser/,http://www.tcs.ch/,Etablierte Unternehmen,"Überblick: Stephan Obwegeser leitet beim TCS die Entwicklung neuer Mikromobilitätsangebote.
Mut & Pioniergeist: Er treibt die Integration von E-Tretrollern, E-Bikes und Sharing-Angeboten in bestehende Verkehrssysteme der Schweiz voran.
Innovationsgrad: Entwickelt Standards für Sicherheit, Nutzerfreundlichkeit und Infrastruktur bei Mikromobilität.
Umsetzungskraft & Wirkung: Seine Projekte verbessern die Erreichbarkeit von ÖPNV-Haltestellen und reduzieren Kurzstreckenfahrten mit dem Auto.
Relevanz für die Mobilitätswende: Mikromobilität ist ein entscheidender Hebel für weniger Autoverkehr – Obwegeser setzt hier Maßstäbe.
Vorbildfunktion & Sichtbarkeit: Er ist in der Schweizer Mobilitätsszene gut vernetzt und spricht regelmäßig auf Fachveranstaltungen."
44,Tobias Liebelt,CEO,Benteler Mobility Services,https://www.linkedin.com/in/tobias-liebelt-1a3659127/,https://www.benteler-mobility.com/,Etablierte Unternehmen,"Mut & Pioniergeist: Liebelt wagte den radikalen Kurswechsel eines konservativen Automobilzulieferers hin zu autonomen Elektro-Shuttles. Mit strategischen Partnerschaften und klarer Vision überwand er eingefahrene Strukturen und setzte auf ein risikoreiches, zukunftsweisendes Geschäftsfeld.

Innovationsgrad: Unter seiner Führung entwickelt Benteler vollelektrische, autonome Shuttle-Busse mit modernster Sensorik und KI. Diese sind via App buchbar, in bestehende Mobilitätssysteme integrierbar und basieren auf modularen E-Plattformen mit nachhaltigen Fertigungsmethoden.

Umsetzungskraft & Wirkung: Liebelt brachte die Vision bis zur Serienreife: Pilotprojekte, internationale Kooperationen und ein neues Werk in den USA ebnen den Weg zur Markteinführung ab 2026. Benteler wird so zu einem relevanten Akteur für autonome Mobilität.

Relevanz für die Mobilitätswende: Die barrierefreien Robo-Shuttles ermöglichen emissionsfreie, geteilte Fahrten und können den ÖPNV ergänzen. Sie adressieren Staus, Luftverschmutzung und inklusiven Zugang – zentrale Hebel für nachhaltige Stadtmobilität.

Vorbildfunktion & Sichtbarkeit: Liebelt zeigt, wie industrielle Erfahrung mit neuen Mobilitätsdiensten kombiniert werden kann. Mit öffentlicher Präsenz und greifbaren Ergebnissen inspiriert er die Branche, ambitionierte Zukunftsprojekte konsequent umzusetzen."
45,Wen Han,Gründer,Windrose Technology,https://www.linkedin.com/in/wenwindrosetrucks/?utm_source=share&utm_campaign=share_via&utm_content=profile&utm_medium=ios_app,https://www.linkedin.com/company/windrosetrucks/,"Start-ups, Scale-ups & Katalysatoren","Überblick: Gründer & CEO von Windrose Technology (China), Hersteller vollelektrischer Schwerlast-Lkw. Seit 2022 treibt er mit globalem Ansatz die Dekarbonisierung des Fernverkehrs voran – Expansion nach Europa/USA und Kooperation mit Partnern wie BorgWarner.
Mut & Pioniergeist: Geht gezielt den schwierigen Bereich des Langstrecken-Lkw an, gründete eigenes Unternehmen mit Fokus auf globale Märkte und neue Lade- & Batteriekonzepte.
Innovationsgrad: Entwicklung von 40-Tonnen-E-Trucks mit ultraschneller 960 kW-Ladetechnik und modular anpassbarem Design; Kooperation mit UNDP.
Umsetzungskraft & Wirkung: Schneller Aufbau von Prototypen, internationale Tests, Produktionsstart in Nordamerika bis 2025 geplant. Potenzial: deutliche CO₂-Reduktion im Güterverkehr.
Relevanz/Vorbild: Adressiert einen großen Emissionssektor, erhöht global den Druck zur Einführung nachhaltiger Lkw-Technik, gilt als interkultureller Mobilitätsbotschafter."
46,Wim Ouboter ,Founder & CEO,Microlino AG (Micro Mobility Systems),https://www.linkedin.com/in/wim-ouboter-466b97a8/,https://www.microlino-car.com/,"Start-ups, Scale-ups & Katalysatoren","Mut & Pioniergeist: Ouboter wagte als Quereinsteiger den Schritt vom Bankkaufmann zum Erfinder des Micro-Scooters – geboren aus einem Alltagsproblem. Trotz Kopien und Rückschlägen wie einer zerstörten Microlino-Premiere blieb er optimistisch und ging unkonventionelle Wege, etwa in der Zusammenarbeit mit seinen Söhnen.

Innovationsgrad: Mit dem Micro-Scooter schuf er eine neue Fahrzeugkategorie für Kurzstrecken. Der elektrische Microlino füllt als Leichtfahrzeug die Lücke zwischen E-Bike und E-Auto und kombiniert Retrodesign mit moderner Technik.

Umsetzungskraft & Wirkung: Seine Scooter verkauften sich zeitweise 80.000-mal täglich. Beim Microlino hielt er trotz Verzögerungen Kurs, brachte das Fahrzeug in Serie und weckte internationales Interesse.

Relevanz für die Mobilitätswende: Sein Ansatz „kleine Fahrzeuge statt großer Autos“ senkt Emissionen und entlastet Städte. Der Microlino verursacht rund 60 % weniger CO₂ als ein durchschnittliches E-Auto und bietet eine klimafreundliche Lösung für urbane Kurzstrecken.

Vorbildfunktion & Sichtbarkeit: Ouboters Erfolgsgeschichte inspiriert GründerInnen weltweit. Er zeigt, dass europäischer Erfindergeist global wirken kann, und nutzt seine Plattform für Debatten zur Förderung kleiner E-Fahrzeuge."
47,Wolfram Uerlich,Founder,goFLUX,https://www.linkedin.com/in/wolfram-uerlich-b2957a152/,https://goflux.de/,"Start-ups, Scale-ups & Katalysatoren","Mut & Pioniergeist: Griff das schwierige Thema Fahrgemeinschaften neu auf und positionierte Mitfahren als Ergänzung zu ÖPNV und Firmenmobilität – entgegen früherer Vorbehalte.
Innovationsgrad: App mit automatischem Matching für Pendelrouten, starke Regionalisierung, White‑Label‑/ÖPNV‑Integration (z. B. Verbund‑Apps) und Anreizmechaniken.
Umsetzungskraft & Wirkung: Firmen‑ und Kommunalprojekte (u. a. mit Ford), tausende vermittelte Fahrten, Auszeichnungen und europäische Skalierung durch Zusammenschluss mit Karos.
Relevanz für die Mobilitätswende: Nutzt freie Autositze, reduziert Stau, Parkdruck und CO₂ – besonders dort, wo ÖPNV lückenhaft ist; erhöht Resilienz im Verkehrsnetz.
Vorbildfunktion & Sichtbarkeit: Praktischer Brückenbauer zwischen Start‑up, Unternehmen und Verwaltung; treibt kulturellen Wandel hin zu geteilter Mobilität sichtbar voran.








Sources

Ask ChatGPT"
48,Xanthi Doubara,CEO,Via Transportation Berlin,https://www.linkedin.com/in/xanthi-doubara/,https://ridewithvia.com/,"Start-ups, Scale-ups & Katalysatoren","Überblick: Geschäftsführerin DACH; integriert On‑Demand‑Shuttles (Ridepooling) als regulären ÖPNV‑Baustein in Städten und ländlichen Regionen.
Mut & Pioniergeist: Baut Brücken zwischen Tech‑Firma und öffentlicher Hand; treibt Pilotprojekte wie gemischte autonome/konventionelle Shuttles frühzeitig voran.
Innovationsgrad: Buchung „auf Zuruf“ per App, Algorithmus bündelt Fahrten; Pionierarbeit bei der Verzahnung autonomer Kleinbusse mit ÖPNV‑Betrieb.
Umsetzungskraft & Wirkung: >45 Via‑Projekte in DE live; Beispiele wie KEXI Kelheim mit >90k Fahrten belegen Nutzen, bessere Erreichbarkeit, kürzere Wartezeiten.
Relevanz & Vorbild: Macht ÖPNV flexibler und attraktiver als Pkw‑Alternative – besonders außerhalb von Metropolen. Sichtbare Role‑Model‑Wirkung für Frauen in Tech & Verkehr."
